{"_via_settings":{"ui":{"annotation_editor_height":25,"annotation_editor_fontsize":0.8,"leftsidebar_width":18,"image_grid":{"img_height":80,"rshape_fill":"none","rshape_fill_opacity":0.3,"rshape_stroke":"yellow","rshape_stroke_width":2,"show_region_shape":true,"show_image_policy":"all"},"image":{"region_label":"region_id","region_label_font":"10px Sans"}},"core":{"buffer_size":"18","filepath":{},"default_filepath":"./"},"project":{"name":"via_project_EIP3"}},"_via_img_metadata":{"Auto_1.jpg1334768":{"filename":"Auto_1.jpg","size":1334768,"regions":[{"shape_attributes":{"name":"rect","x":11,"y":6,"width":2602,"height":2824},"region_attributes":{"class":"Auto"}},{"shape_attributes":{"name":"rect","x":1472,"y":1541,"width":280,"height":188},"region_attributes":{"class":"KA05AD4524"}}],"file_attributes":{}},"Auto_2.jpg1288785":{"filename":"Auto_2.jpg","size":1288785,"regions":[{"shape_attributes":{"name":"rect","x":14,"y":7,"width":3343,"height":3282},"region_attributes":{"class":"Auto"}},{"shape_attributes":{"name":"rect","x":1499,"y":2218,"width":359,"height":224},"region_attributes":{"class":"KA03AD1157"}}],"file_attributes":{}},"Auto_3.jpg685439":{"filename":"Auto_3.jpg","size":685439,"regions":[{"shape_attributes":{"name":"rect","x":11,"y":6,"width":2221,"height":2787},"region_attributes":{"class":"Auto"}},{"shape_attributes":{"name":"rect","x":549,"y":51,"width":431,"height":340},"region_attributes":{"class":"KA01AF4130"}}],"file_attributes":{}},"Auto_4.jpg867917":{"filename":"Auto_4.jpg","size":867917,"regions":[{"shape_attributes":{"name":"rect","x":5,"y":0,"width":2696,"height":2679},"region_attributes":{"class":"Auto"}},{"shape_attributes":{"name":"rect","x":1362,"y":1476,"width":273,"height":191},"region_attributes":{"class":"KA01AG9710"}}],"file_attributes":{}},"Auto_5.jpg1922640":{"filename":"Auto_5.jpg","size":1922640,"regions":[{"shape_attributes":{"name":"rect","x":14,"y":0,"width":4506,"height":3409},"region_attributes":{"class":"Auto"}},{"shape_attributes":{"name":"rect","x":1429,"y":2057,"width":683,"height":366},"region_attributes":{"class":"KA51A6650"}}],"file_attributes":{}},"Auto_6.jpg2037479":{"filename":"Auto_6.jpg","size":2037479,"regions":[{"shape_attributes":{"name":"rect","x":8,"y":8,"width":3103,"height":4126},"region_attributes":{"class":"Auto"}},{"shape_attributes":{"name":"rect","x":923,"y":889,"width":1459,"height":1736},"region_attributes":{"class":"KA01AG5818"}}],"file_attributes":{}},"Auto_7.jpg102817":{"filename":"Auto_7.jpg","size":102817,"regions":[{"shape_attributes":{"name":"rect","x":1,"y":2,"width":563,"height":495},"region_attributes":{"class":"Auto"}},{"shape_attributes":{"name":"rect","x":154,"y":310,"width":58,"height":50},"region_attributes":{"class":"KA03A5208"}}],"file_attributes":{}},"Auto_8.jpg1831805":{"filename":"Auto_8.jpg","size":1831805,"regions":[{"shape_attributes":{"name":"rect","x":13,"y":13,"width":2625,"height":2381},"region_attributes":{"class":"Auto"}},{"shape_attributes":{"name":"rect","x":2343,"y":1431,"width":282,"height":391},"region_attributes":{"class":"KA03AD1157"}}],"file_attributes":{}},"Auto_9.jpg1754599":{"filename":"Auto_9.jpg","size":1754599,"regions":[{"shape_attributes":{"name":"rect","x":7,"y":7,"width":3495,"height":3411},"region_attributes":{"class":"Auto"}},{"shape_attributes":{"name":"rect","x":508,"y":1629,"width":446,"height":459},"region_attributes":{"class":"KA01AG5818"}}],"file_attributes":{}},"Auto_10.jpg452052":{"filename":"Auto_10.jpg","size":452052,"regions":[{"shape_attributes":{"name":"rect","x":17,"y":38,"width":964,"height":1264},"region_attributes":{"class":"Auto"}},{"shape_attributes":{"name":"rect","x":793,"y":870,"width":143,"height":87},"region_attributes":{"class":"KA04AA6576"}}],"file_attributes":{}},"Auto_11.jpg630598":{"filename":"Auto_11.jpg","size":630598,"regions":[{"shape_attributes":{"name":"rect","x":0,"y":11,"width":2606,"height":2655},"region_attributes":{"class":"Auto"}},{"shape_attributes":{"name":"rect","x":2214,"y":1238,"width":360,"height":245},"region_attributes":{"class":"KA01AF0692"}}],"file_attributes":{}},"Auto_12.jpg583692":{"filename":"Auto_12.jpg","size":583692,"regions":[{"shape_attributes":{"name":"rect","x":19,"y":0,"width":3057,"height":3120},"region_attributes":{"class":"Auto"}},{"shape_attributes":{"name":"rect","x":2326,"y":2666,"width":511,"height":353},"region_attributes":{"class":"KA02AF8146"}}],"file_attributes":{}},"Auto_13.jpg1722631":{"filename":"Auto_13.jpg","size":1722631,"regions":[{"shape_attributes":{"name":"rect","x":121,"y":574,"width":2304,"height":3098},"region_attributes":{"class":"Auto"}},{"shape_attributes":{"name":"rect","x":1844,"y":2780,"width":385,"height":219},"region_attributes":{"class":"KA03AD6575"}}],"file_attributes":{}},"Auto_14.jpg1043403":{"filename":"Auto_14.jpg","size":1043403,"regions":[{"shape_attributes":{"name":"rect","x":5,"y":-5,"width":2206,"height":2544},"region_attributes":{"class":"Auto"}},{"shape_attributes":{"name":"rect","x":1652,"y":2006,"width":303,"height":159},"region_attributes":{"class":"KA03AG1637"}}],"file_attributes":{}},"Auto_15.jpg795815":{"filename":"Auto_15.jpg","size":795815,"regions":[{"shape_attributes":{"name":"rect","x":34,"y":47,"width":1697,"height":2067},"region_attributes":{"class":"Auto"}},{"shape_attributes":{"name":"rect","x":1349,"y":1573,"width":279,"height":150},"region_attributes":{"class":"KA02AG4004"}}],"file_attributes":{}},"Auto_16.jpg910128":{"filename":"Auto_16.jpg","size":910128,"regions":[{"shape_attributes":{"name":"rect","x":10,"y":10,"width":1853,"height":2355},"region_attributes":{"class":"Auto"}},{"shape_attributes":{"name":"rect","x":1470,"y":1833,"width":278,"height":158},"region_attributes":{"class":"KA03AF7723"}}],"file_attributes":{}},"Auto_17.jpg467134":{"filename":"Auto_17.jpg","size":467134,"regions":[{"shape_attributes":{"name":"rect","x":241,"y":148,"width":1176,"height":1031},"region_attributes":{"class":"Auto"}},{"shape_attributes":{"name":"rect","x":790,"y":787,"width":80,"height":80},"region_attributes":{"class":"KA02AD7980"}}],"file_attributes":{}},"Auto_18.jpg187132":{"filename":"Auto_18.jpg","size":187132,"regions":[{"shape_attributes":{"name":"rect","x":68,"y":0,"width":776,"height":870},"region_attributes":{"class":"Auto"}},{"shape_attributes":{"name":"rect","x":314,"y":580,"width":193,"height":98},"region_attributes":{"class":"KA03AB6310"}}],"file_attributes":{}},"Auto_19.jpg139312":{"filename":"Auto_19.jpg","size":139312,"regions":[{"shape_attributes":{"name":"rect","x":3,"y":6,"width":626,"height":974},"region_attributes":{"class":"Auto"}},{"shape_attributes":{"name":"rect","x":214,"y":695,"width":176,"height":129},"region_attributes":{"class":"KA04AB5075"}}],"file_attributes":{}},"Auto_20.jpg153763":{"filename":"Auto_20.jpg","size":153763,"regions":[{"shape_attributes":{"name":"rect","x":0,"y":16,"width":648,"height":990},"region_attributes":{"class":"Auto"}},{"shape_attributes":{"name":"rect","x":255,"y":489,"width":169,"height":43},"region_attributes":{"class":"KA04AB5075"}}],"file_attributes":{}},"Auto_21.jpg144280":{"filename":"Auto_21.jpg","size":144280,"regions":[{"shape_attributes":{"name":"rect","x":8,"y":8,"width":832,"height":952},"region_attributes":{"class":"Auto"}},{"shape_attributes":{"name":"rect","x":686,"y":814,"width":142,"height":80},"region_attributes":{"class":"KA03AB6310"}}],"file_attributes":{}},"Auto_22.jpg228711":{"filename":"Auto_22.jpg","size":228711,"regions":[{"shape_attributes":{"name":"rect","x":47,"y":-2,"width":806,"height":1018},"region_attributes":{"class":"Auto"}},{"shape_attributes":{"name":"rect","x":515,"y":548,"width":155,"height":99},"region_attributes":{"class":"KA03AA3036"}}],"file_attributes":{}},"Auto_23.jpg62424":{"filename":"Auto_23.jpg","size":62424,"regions":[{"shape_attributes":{"name":"rect","x":36,"y":3,"width":376,"height":345},"region_attributes":{"class":"Auto"}},{"shape_attributes":{"name":"rect","x":240,"y":293,"width":64,"height":33},"region_attributes":{"class":"KA03AC0273"}}],"file_attributes":{}},"Auto_24.jpg261629":{"filename":"Auto_24.jpg","size":261629,"regions":[{"shape_attributes":{"name":"rect","x":109,"y":0,"width":725,"height":1014},"region_attributes":{"class":"Auto"}},{"shape_attributes":{"name":"rect","x":460,"y":526,"width":152,"height":99},"region_attributes":{"class":"KA05AC2507"}}],"file_attributes":{}},"Auto_25.jpg180161":{"filename":"Auto_25.jpg","size":180161,"regions":[{"shape_attributes":{"name":"rect","x":62,"y":66,"width":704,"height":929},"region_attributes":{"class":"Auto"}},{"shape_attributes":{"name":"rect","x":274,"y":513,"width":143,"height":87},"region_attributes":{"class":"KA01AH3351"}}],"file_attributes":{}}},"_via_attributes":{"region":{"class":{"type":"text"}},"file":{}}}